0001.png,137,38,230,96,pill
0001.png,255,19,347,102,electro
0001.png,234,152,316,240,wrench
0001.png,91,144,204,234,cloud
0001.png,341,133,405,192,face
0002.png,252,41,354,134,factory
0002.png,72,84,184,180,fire
0002.png,329,162,420,253,heart
0002.png,383,52,470,144,lightning
0002.png,211,191,280,267,traffic_light
0003.png,366,179,472,228,pen
0003.png,27,139,100,225,microphone
0003.png,204,58,317,150,umbrella
0003.png,153,195,238,253,flag
0003.png,341,38,446,127,fire
0004.png,384,43,447,112,ticket
0004.png,99,149,198,233,star
0004.png,112,33,198,119,fire
0004.png,253,95,339,185,arrow
0004.png,369,140,444,214,lightning
0005.png,23,178,91,246,t-shirt
0005.png,336,145,432,230,heart
0005.png,147,142,228,217,arrow
0005.png,24,47,95,108,monitor
0005.png,309,22,365,97,wrench
0006.png,377,181,454,251,ticket
0006.png,252,147,331,221,traffic_light
0006.png,55,33,153,136,sound
0006.png,359,62,467,154,book
0006.png,207,35,284,112,person
0007.png,289,76,366,174,light
0007.png,402,129,479,199,magnifier
0007.png,81,61,159,132,water
0007.png,178,169,257,251,factory
0007.png,82,197,145,254,microphone
0008.png,397,79,476,158,t-shirt
0008.png,93,26,169,120,sound
0008.png,401,192,472,265,book
0008.png,249,126,337,206,person
0008.png,33,171,131,257,mail
0009.png,390,179,459,237,microphone
0009.png,199,119,265,180,key
0009.png,285,116,368,181,sound
0009.png,27,60,130,150,scissors
0009.png,399,47,470,127,light
0010.png,191,108,264,176,sound
0010.png,323,119,410,189,wrench
0010.png,30,141,137,253,pill
0010.png,296,14,359,96,eye
0010.png,46,21,137,102,t-shirt
0011.png,147,185,217,255,electro
0011.png,322,160,405,237,magnifier
0011.png,52,151,97,248,pen
0011.png,233,71,310,131,light
0011.png,349,27,465,141,compass
0012.png,232,42,323,129,arrow
0012.png,73,107,178,204,store_cart
0012.png,360,31,456,146,eye
0012.png,402,172,469,255,paperclip
0012.png,284,161,352,244,mail
0013.png,18,95,106,176,factory
0013.png,131,134,211,210,fire
0013.png,248,103,366,214,lightning
0013.png,142,38,209,98,lock
0013.png,379,164,480,241,flag
0014.png,269,128,357,210,t-shirt
0014.png,384,28,472,120,lightning
0014.png,151,184,238,261,lock
0014.png,37,45,150,157,shop_cart
0014.png,394,151,456,211,compass
0015.png,125,28,193,76,wrench
0015.png,342,147,428,255,pen
0015.png,108,168,171,227,fire
0015.png,212,57,289,127,clock
0015.png,325,59,401,107,pill
0016.png,95,112,204,189,light
0016.png,339,21,426,94,pen
0016.png,286,155,381,231,cloud
0016.png,219,16,318,108,star
0016.png,407,159,466,228,shop_cart
0017.png,212,32,268,100,light
0017.png,259,162,357,259,store_cart
0017.png,43,51,133,134,clock
0017.png,37,187,107,247,heart
0017.png,318,42,401,140,keyboard
0018.png,216,91,315,192,lightning
0018.png,360,31,430,107,cloud
0018.png,96,29,176,106,flag
0018.png,365,163,430,216,ticket
0018.png,93,134,152,212,light
0019.png,19,89,100,162,hand
0019.png,166,20,264,123,shop_cart
0019.png,314,80,421,176,book
0019.png,159,151,248,249,keyboard
0019.png,40,189,91,257,pill
0020.png,173,169,263,269,key
0020.png,285,51,377,127,clock
0020.png,52,172,105,254,pill
0020.png,307,150,376,237,wrench
0020.png,184,94,244,146,compass
0021.png,52,74,125,134,microphone
0021.png,177,126,250,200,light
0021.png,371,187,454,257,shop_cart
0021.png,58,176,131,253,lightning
0021.png,310,39,390,101,umbrella
0022.png,368,120,459,211,paper
0022.png,36,51,130,141,scissors
0022.png,226,27,310,110,person
0022.png,271,129,326,195,pill
0022.png,95,187,172,250,umbrella
0023.png,315,137,397,222,heart
0023.png,176,102,298,197,sound
0023.png,328,33,407,106,paper
0023.png,84,190,161,266,pill
0023.png,61,65,142,164,store_cart
0024.png,359,110,465,189,pen
0024.png,36,79,128,157,bucket
0024.png,68,197,135,266,book
0024.png,165,173,251,254,fire
0024.png,158,55,219,120,light
0025.png,154,123,268,202,store_cart
0025.png,30,159,140,252,bucket
0025.png,41,43,142,129,clock
0025.png,336,50,413,121,house
0025.png,332,154,415,241,photo
0026.png,389,169,479,261,person
0026.png,43,145,112,212,star
0026.png,119,22,217,102,lock
0026.png,163,158,286,249,mail
0026.png,357,43,458,130,cloud
0027.png,323,24,440,125,lightning
0027.png,148,189,223,257,arrow
0027.png,197,43,306,175,hand
0027.png,382,151,481,239,face
0027.png,27,111,112,223,microphone
0028.png,405,181,479,251,lock
0028.png,24,34,85,105,traffic_light
0028.png,116,83,214,175,sound
0028.png,321,68,405,156,star
0028.png,290,177,359,262,umbrella
0029.png,70,126,170,228,electro
0029.png,204,168,309,257,factory
0029.png,331,42,412,125,book
0029.png,375,159,458,244,person
0029.png,164,29,229,100,lock
0030.png,134,175,232,258,factory
0030.png,388,143,475,219,umbrella
0030.png,256,82,352,175,electro
0030.png,104,37,224,155,ticket
0030.png,381,21,475,106,arrow
0031.png,54,133,119,196,sound
0031.png,140,122,283,233,book
0031.png,191,23,265,85,electro
0031.png,371,19,480,118,factory
0031.png,303,133,400,240,magnifier
0032.png,290,86,395,181,hand
0032.png,158,173,243,250,face
0032.png,25,157,97,246,eye
0032.png,146,31,240,126,person
0032.png,25,61,108,135,mail
0033.png,126,68,198,130,arrow
0033.png,193,181,290,252,light
0033.png,355,28,444,140,cloud
0033.png,231,30,307,111,mail
0033.png,367,152,465,251,star
0034.png,171,76,266,163,cloud
0034.png,37,38,103,118,store_cart
0034.png,28,148,125,241,electro
0034.png,295,159,405,251,traffic_light
0034.png,330,41,419,132,lock
0035.png,300,157,407,255,ticket
0035.png,38,55,115,153,wrench
0035.png,383,24,470,116,house
0035.png,244,57,329,123,pen
0035.png,164,153,270,254,star
0036.png,199,24,287,110,person
0036.png,105,118,178,182,arrow
0036.png,375,144,482,247,wrench
0036.png,212,135,297,216,fire
0036.png,333,37,413,133,hand
0037.png,252,151,349,255,hand
0037.png,248,56,325,133,monitor
0037.png,137,169,225,218,pen
0037.png,45,118,103,186,eye
0037.png,356,29,467,138,lock
0038.png,313,92,406,192,star
0038.png,184,124,266,224,lightning
0038.png,11,39,103,110,hand
0038.png,55,145,144,230,face
0038.png,111,30,194,100,magnifier
0039.png,147,58,232,146,light
0039.png,266,205,337,251,wrench
0039.png,344,92,450,189,face
0039.png,151,183,215,254,eye
0039.png,22,98,97,166,shop_cart
0040.png,192,182,265,264,sound
0040.png,378,57,472,131,umbrella
0040.png,299,189,385,266,face
0040.png,44,151,125,222,scissors
0040.png,225,29,333,139,pill
0041.png,37,151,109,237,mail
0041.png,378,24,472,124,house
0041.png,134,111,204,181,fire
0041.png,281,150,362,234,scissors
0041.png,235,33,317,124,umbrella
0042.png,227,154,335,249,lightning
0042.png,351,55,459,166,factory
0042.png,190,35,300,129,sound
0042.png,55,52,145,153,flag
0042.png,26,175,118,265,monitor
0043.png,312,159,400,241,hand
0043.png,42,13,129,94,monitor
0043.png,70,117,163,197,mail
0043.png,390,82,462,132,wrench
0043.png,202,97,288,173,arrow
0044.png,314,32,412,122,arrow
0044.png,282,185,353,256,light
0044.png,191,45,296,138,cloud
0044.png,57,81,161,181,electro
0044.png,387,162,464,244,paperclip
0045.png,375,23,475,99,eye
0045.png,351,143,438,228,factory
0045.png,237,126,296,201,pill
0045.png,279,38,360,88,pen
0045.png,62,106,145,191,fire
0046.png,312,134,434,230,arrow
0046.png,157,58,237,153,ticket
0046.png,36,175,119,256,t-shirt
0046.png,30,32,112,109,hand
0046.png,387,29,466,112,traffic_light
0047.png,26,172,114,258,t-shirt
0047.png,370,121,471,233,keyboard
0047.png,231,109,354,198,eye
0047.png,110,23,189,100,magnifier
0047.png,132,177,209,231,magnifier
0048.png,28,60,144,171,electro
0048.png,167,148,244,221,microphone
0048.png,230,41,303,93,lightning
0048.png,49,192,125,249,store_cart
0048.png,332,98,427,174,key
0049.png,216,93,322,193,star
0049.png,245,22,318,82,lightning
0049.png,92,56,158,134,light
0049.png,338,80,462,188,monitor
0049.png,77,189,136,257,eye
0050.png,216,32,350,112,keyboard
0050.png,266,181,351,261,mail
0050.png,156,140,244,207,eye
0050.png,40,32,121,108,monitor
0050.png,401,22,469,85,lock
0051.png,221,28,321,125,face
0051.png,346,88,429,184,factory
0051.png,40,194,110,256,star
0051.png,188,174,277,250,monitor
0051.png,38,97,109,168,t-shirt
0052.png,225,25,330,130,ticket
0052.png,21,92,100,163,mail
0052.png,152,181,231,254,star
0052.png,346,90,466,202,store_cart
0052.png,131,54,197,113,light
0053.png,326,61,405,131,heart
0053.png,157,20,267,132,face
0053.png,312,169,399,235,cloud
0053.png,37,39,111,111,paper
0053.png,71,153,158,223,pill
0054.png,227,26,352,112,book
0054.png,143,185,210,243,heart
0054.png,82,78,154,157,traffic_light
0054.png,379,100,466,189,star
0054.png,235,154,337,230,key
0055.png,182,100,264,177,person
0055.png,324,36,386,108,magnifier
0055.png,335,151,387,234,wrench
0055.png,40,109,137,206,star
0055.png,32,13,111,106,cloud
0056.png,239,27,324,102,book
0056.png,87,76,168,157,traffic_light
0056.png,71,176,164,266,face
0056.png,265,134,376,218,pill
0056.png,397,106,475,188,keyboard
0057.png,233,164,326,243,traffic_light
0057.png,109,150,217,256,face
0057.png,259,40,344,138,umbrella
0057.png,377,154,478,250,wrench
0057.png,113,61,191,132,person
0058.png,324,164,440,255,light
0058.png,171,72,278,188,keyboard
0058.png,51,110,145,213,traffic_light
0058.png,39,22,125,100,wrench
0058.png,383,40,465,119,bucket
0059.png,307,31,392,138,key
0059.png,160,161,233,235,hand
0059.png,284,163,368,260,paperclip
0059.png,144,61,225,133,store_cart
0059.png,34,130,123,208,clock
0060.png,252,25,326,125,store_cart
0060.png,18,191,94,266,heart
0060.png,271,152,359,240,compass
0060.png,396,81,477,148,cloud
0060.png,131,110,223,191,person
0061.png,364,66,451,164,eye
0061.png,24,62,137,145,water
0061.png,220,70,291,148,microphone
0061.png,255,180,330,263,keyboard
0061.png,75,169,188,265,sound
0062.png,142,84,211,147,bucket
0062.png,35,159,103,243,cloud
0062.png,327,123,437,231,ticket
0062.png,356,14,437,91,person
0062.png,135,169,230,256,paperclip
0063.png,257,21,336,106,traffic_light
0063.png,252,179,330,249,house
0063.png,136,181,214,256,compass
0063.png,368,136,444,220,photo
0063.png,149,66,217,127,key
0064.png,24,132,107,219,factory
0064.png,64,24,140,112,mail
0064.png,371,75,463,166,electro
0064.png,257,102,338,191,paper
0064.png,130,167,200,241,fire
0065.png,196,21,275,102,electro
0065.png,354,61,477,174,shop_cart
0065.png,82,106,158,169,cloud
0065.png,240,192,320,264,lightning
0065.png,31,193,91,268,pill
0066.png,341,19,411,87,heart
0066.png,232,88,321,163,paper
0066.png,360,121,464,215,lightning
0066.png,86,157,167,237,face
0066.png,24,21,117,111,traffic_light
0067.png,232,159,338,259,clock
0067.png,365,151,423,229,magnifier
0067.png,259,39,328,110,electro
0067.png,98,60,194,162,traffic_light
0067.png,359,53,445,119,store_cart
0068.png,244,112,304,181,wrench
0068.png,25,157,129,253,bucket
0068.png,371,108,444,203,paperclip
0068.png,70,37,155,120,compass
0068.png,250,19,316,93,pill
0069.png,255,136,346,211,umbrella
0069.png,27,89,98,155,sound
0069.png,374,106,473,224,electro
0069.png,250,26,334,98,fire
0069.png,164,100,218,159,arrow
0070.png,188,131,261,217,sound
0070.png,371,131,467,214,wrench
0070.png,329,28,399,105,person
0070.png,55,17,119,95,cloud
0070.png,46,115,119,185,paper
0071.png,377,170,439,231,light
0071.png,150,51,237,151,photo
0071.png,31,39,107,122,ticket
0071.png,230,171,311,243,sound
0071.png,101,176,167,262,star
0072.png,56,40,139,113,lock
0072.png,27,158,139,249,flag
0072.png,168,184,250,259,monitor
0072.png,292,83,359,181,pen
0072.png,400,184,467,266,umbrella
0073.png,353,120,449,213,traffic_light
0073.png,37,29,104,112,ticket
0073.png,212,138,283,216,eye
0073.png,178,13,272,118,eye
0073.png,50,169,128,257,mail
0074.png,235,89,327,171,paperclip
0074.png,385,107,470,193,t-shirt
0074.png,88,17,199,120,face
0074.png,74,157,191,248,book
0074.png,391,14,464,94,shop_cart
0075.png,313,143,397,245,store_cart
0075.png,97,179,161,265,eye
0075.png,57,64,120,139,arrow
0075.png,195,130,273,214,water
0075.png,144,37,221,104,flag
0076.png,309,32,413,125,t-shirt
0076.png,72,19,141,97,sound
0076.png,211,50,278,119,lightning
0076.png,66,134,155,219,sound
0076.png,276,159,369,252,electro
0077.png,129,35,233,120,heart
0077.png,50,175,108,250,water
0077.png,259,121,344,189,magnifier
0077.png,365,55,455,145,ticket
0077.png,52,76,114,141,person
0078.png,70,142,142,208,store_cart
0078.png,194,189,256,256,microphone
0078.png,58,30,144,112,traffic_light
0078.png,365,117,468,219,bucket
0078.png,239,63,334,162,factory
0079.png,39,174,129,266,paperclip
0079.png,192,135,266,207,electro
0079.png,294,144,406,243,t-shirt
0079.png,405,32,475,92,scissors
0079.png,64,50,165,165,eye
0080.png,42,193,124,260,eye
0080.png,18,92,84,172,flag
0080.png,300,130,404,219,heart
0080.png,147,82,247,179,photo
0080.png,315,21,399,105,book
0081.png,42,157,132,253,scissors
0081.png,221,34,303,132,umbrella
0081.png,346,156,420,237,mail
0081.png,91,39,178,126,compass
0081.png,384,44,474,128,mail
0082.png,162,52,237,129,paperclip
0082.png,265,116,350,195,arrow
0082.png,383,113,476,209,paperclip
0082.png,29,94,112,198,store_cart
0082.png,142,178,211,242,face
0083.png,277,163,353,256,key
0083.png,133,55,204,140,paperclip
0083.png,25,166,132,261,book
0083.png,381,87,474,190,ticket
0083.png,262,64,353,140,microphone
0084.png,320,97,407,175,microphone
0084.png,192,172,264,248,lock
0084.png,209,27,281,97,heart
0084.png,77,23,183,124,clock
0084.png,34,154,131,240,ticket
0085.png,70,96,153,201,sound
0085.png,312,164,392,253,store_cart
0085.png,345,30,452,132,face
0085.png,183,175,264,248,hand
0085.png,181,16,272,105,flag
0086.png,375,37,455,110,compass
0086.png,187,93,265,180,wrench
0086.png,45,117,130,198,photo
0086.png,382,153,474,245,lock
0086.png,35,27,104,89,scissors
0087.png,30,26,90,98,pill
0087.png,125,104,228,207,magnifier
0087.png,280,20,360,88,bucket
0087.png,249,139,323,203,house
0087.png,340,122,449,214,mail
0088.png,206,58,292,155,person
0088.png,373,97,457,180,compass
0088.png,158,186,232,255,lock
0088.png,259,188,344,255,key
0088.png,45,88,138,169,photo
0089.png,338,180,417,257,t-shirt
0089.png,58,89,125,165,ticket
0089.png,50,182,147,266,traffic_light
0089.png,213,103,325,214,shop_cart
0089.png,387,38,459,133,store_cart
0090.png,62,160,163,249,heart
0090.png,371,107,471,208,lock
0090.png,35,37,143,119,paperclip
0090.png,252,193,322,265,flag
0090.png,237,94,331,171,sound
0091.png,112,14,185,100,microphone
0091.png,259,105,331,172,star
0091.png,366,23,449,100,shop_cart
0091.png,365,130,474,239,monitor
0091.png,122,181,192,252,arrow
0092.png,396,46,474,123,compass
0092.png,26,189,99,260,key
0092.png,16,37,148,143,store_cart
0092.png,326,151,421,227,mail
0092.png,178,43,277,170,sound
0093.png,218,37,315,149,hand
0093.png,70,71,157,149,compass
0093.png,371,31,454,106,electro
0093.png,387,140,472,235,fire
0093.png,25,183,101,249,scissors
0094.png,371,140,447,219,photo
0094.png,133,184,211,257,compass
0094.png,257,23,340,107,traffic_light
0094.png,255,174,329,257,house
0094.png,149,61,219,129,key
0095.png,98,171,191,256,scissors
0095.png,349,148,450,251,paperclip
0095.png,32,66,117,158,book
0095.png,333,48,418,124,compass
0095.png,222,71,299,153,electro
0096.png,345,141,486,240,keyboard
0096.png,384,36,472,118,electro
0096.png,255,31,351,107,paperclip
0096.png,28,64,122,163,paper
0096.png,197,135,306,225,water
0097.png,346,181,411,261,ticket
0097.png,103,25,186,85,arrow
0097.png,219,111,298,178,bucket
0097.png,68,121,167,215,scissors
0097.png,333,62,426,152,star
0098.png,170,167,267,269,book
0098.png,51,174,115,257,magnifier
0098.png,310,74,417,203,mail
0098.png,203,18,284,97,traffic_light
0098.png,80,70,186,155,water
0099.png,75,90,180,212,shop_cart
0099.png,346,165,393,245,pill
0099.png,211,132,298,214,lock
0099.png,215,16,320,106,t-shirt
0099.png,346,61,430,140,star
0100.png,176,190,247,261,star
0100.png,22,29,133,124,photo
0100.png,289,55,387,155,keyboard
0100.png,18,181,110,258,bucket
0100.png,184,50,266,144,store_cart
0101.png,59,119,133,204,umbrella
0101.png,64,23,139,91,lightning
0101.png,385,20,463,108,microphone
0101.png,171,75,271,170,traffic_light
0101.png,332,140,429,234,face
0102.png,328,42,405,127,lightning
0102.png,245,147,342,249,bucket
0102.png,59,14,138,90,electro
0102.png,353,164,472,249,keyboard
0102.png,121,119,228,217,wrench
0103.png,52,153,128,225,clock
0103.png,212,14,288,94,hand
0103.png,78,17,152,91,fire
0103.png,162,118,280,214,shop_cart
0103.png,334,106,420,197,magnifier
0104.png,78,118,171,231,water
0104.png,346,172,438,251,paper
0104.png,102,27,178,99,book
0104.png,193,97,287,172,cloud
0104.png,385,36,478,134,bucket
0105.png,238,17,315,106,shop_cart
0105.png,336,32,424,118,book
0105.png,373,145,464,242,scissors
0105.png,200,119,329,223,sound
0105.png,67,72,164,160,cloud
0106.png,78,25,183,134,book
0106.png,274,29,350,107,microphone
0106.png,205,166,295,250,flag
0106.png,329,160,399,235,fire
0106.png,97,175,187,262,scissors
0107.png,163,82,254,175,monitor
0107.png,399,70,475,135,scissors
0107.png,414,185,470,260,magnifier
0107.png,46,106,128,203,sound
0107.png,296,100,372,173,face
0108.png,178,66,249,131,lightning
0108.png,33,62,117,141,compass
0108.png,299,160,382,260,light
0108.png,155,183,222,255,water
0108.png,301,22,391,123,keyboard
0109.png,238,76,313,152,scissors
0109.png,349,13,447,109,magnifier
0109.png,244,173,333,256,t-shirt
0109.png,390,123,472,213,lock
0109.png,90,95,215,181,sound
0110.png,21,37,120,137,book
0110.png,29,170,112,244,bucket
0110.png,319,17,392,74,hand
0110.png,283,119,387,230,lightning
0110.png,158,118,253,217,monitor
0111.png,258,69,326,135,scissors
0111.png,354,23,455,126,flag
0111.png,24,43,131,136,store_cart
0111.png,169,90,225,154,water
0111.png,120,172,213,254,heart
0112.png,123,98,217,204,ticket
0112.png,286,156,369,221,photo
0112.png,404,98,453,176,wrench
0112.png,29,137,85,204,eye
0112.png,251,25,350,113,monitor
0113.png,389,145,465,193,wrench
0113.png,210,147,314,233,ticket
0113.png,187,25,270,100,heart
0113.png,52,93,122,169,hand
0113.png,296,12,384,100,monitor
0114.png,25,146,108,242,shop_cart
0114.png,178,188,253,259,clock
0114.png,380,20,464,109,fire
0114.png,64,17,143,126,pen
0114.png,247,86,325,153,arrow
0115.png,370,162,441,248,light
0115.png,45,34,141,139,mail
0115.png,264,55,331,117,star
0115.png,58,168,139,237,umbrella
0115.png,191,181,251,241,clock
0116.png,374,19,453,97,store_cart
0116.png,91,150,174,226,t-shirt
0116.png,241,42,331,137,mail
0116.png,241,154,331,247,hand
0116.png,372,139,469,212,lightning
0117.png,204,118,316,211,photo
0117.png,362,62,456,160,shop_cart
0117.png,352,184,432,254,flag
0117.png,74,76,178,151,paperclip
0117.png,197,17,270,99,store_cart
0118.png,303,120,371,184,fire
0118.png,388,27,479,124,book
0118.png,18,100,99,165,store_cart
0118.png,393,161,475,249,pen
0118.png,120,127,193,185,pill
0119.png,84,93,215,191,eye
0119.png,243,45,316,114,light
0119.png,272,151,353,235,star
0119.png,385,153,472,243,fire
0119.png,345,22,406,82,clock
0120.png,288,164,367,237,lightning
0120.png,412,181,470,237,clock
0120.png,97,66,181,136,t-shirt
0120.png,380,26,472,116,star
0120.png,260,73,327,128,hand
0121.png,378,25,456,100,t-shirt
0121.png,47,15,140,97,star
0121.png,295,129,374,203,key
0121.png,89,123,174,208,fire
0121.png,244,25,315,108,sound
0122.png,267,137,338,208,fire
0122.png,385,189,465,261,mail
0122.png,391,70,464,165,light
0122.png,45,82,154,185,monitor
0122.png,208,33,278,113,water
0123.png,162,167,235,233,lock
0123.png,319,43,389,108,bucket
0123.png,216,74,286,153,store_cart
0123.png,312,141,401,219,compass
0123.png,84,25,182,126,ticket
0124.png,87,147,196,254,face
0124.png,310,125,384,192,magnifier
0124.png,411,170,475,247,pill
0124.png,213,73,285,143,compass
0124.png,20,61,91,118,wrench
0125.png,297,19,405,111,t-shirt
0125.png,363,138,433,195,wrench
0125.png,52,87,164,175,hand
0125.png,205,24,285,82,microphone
0125.png,194,105,247,179,magnifier
0126.png,233,19,334,143,sound
0126.png,109,100,192,162,umbrella
0126.png,226,165,301,254,flag
0126.png,369,59,411,133,pill
0126.png,379,161,464,251,electro
0127.png,349,158,440,239,sound
0127.png,263,71,326,141,fire
0127.png,54,72,137,142,key
0127.png,354,20,473,124,microphone
0127.png,152,172,234,253,bucket
0128.png,216,52,291,121,compass
0128.png,126,145,192,233,pen
0128.png,54,57,140,115,wrench
0128.png,333,159,407,234,bucket
0128.png,323,36,428,122,arrow
0129.png,374,85,468,186,sound
0129.png,18,29,96,113,shop_cart
0129.png,276,125,350,205,person
0129.png,271,36,329,95,clock
0129.png,132,99,215,191,arrow
0130.png,373,172,444,239,house
0130.png,71,153,136,218,scissors
0130.png,366,28,447,94,pen
0130.png,109,33,192,122,arrow
0130.png,246,91,334,186,bucket
0131.png,402,18,478,88,person
0131.png,369,144,473,249,t-shirt
0131.png,203,49,270,114,water
0131.png,253,144,348,246,ticket
0131.png,48,85,144,179,scissors
0132.png,20,30,134,136,person
0132.png,39,171,102,243,light
0132.png,316,94,403,187,factory
0132.png,149,26,223,84,arrow
0133.png,290,60,367,107,pill
0133.png,53,60,97,145,pen
0133.png,32,186,98,237,arrow
0133.png,212,153,303,259,keyboard
0133.png,143,58,218,134,star
0134.png,409,178,478,260,paper
0134.png,365,46,457,147,person
0134.png,179,32,220,129,pen
0134.png,252,138,343,231,face
0134.png,18,70,141,167,keyboard
0135.png,203,90,315,184,umbrella
0135.png,45,145,143,233,fire
0135.png,65,25,148,97,electro
0135.png,359,10,428,99,sound
0135.png,375,111,455,199,house
0136.png,225,84,309,174,ticket
0136.png,79,21,170,111,photo
0136.png,197,182,270,259,sound
0136.png,61,136,161,255,person
0136.png,353,95,446,206,light
0137.png,66,168,135,248,key
0137.png,237,113,330,208,bucket
0137.png,368,70,451,128,wrench
0137.png,387,160,458,233,star
0137.png,30,29,117,118,compass
0138.png,164,76,238,135,eye
0138.png,334,27,410,91,ticket
0138.png,46,169,140,258,lock
0138.png,45,27,117,134,wrench
0138.png,313,151,401,229,heart
0139.png,384,153,456,237,bucket
0139.png,371,31,463,128,clock
0139.png,257,87,306,148,light
0139.png,64,202,126,259,paper
0139.png,71,85,152,173,paperclip
0140.png,183,69,243,129,bucket
0140.png,281,112,365,191,flag
0140.png,94,162,157,233,scissors
0140.png,78,29,155,103,compass
0140.png,385,99,473,181,t-shirt
0141.png,126,31,224,122,heart
0141.png,362,89,451,182,star
0141.png,248,31,319,112,flag
0141.png,247,126,322,201,bucket
0141.png,39,182,119,245,light
0142.png,354,34,432,109,hand
0142.png,74,19,118,98,pen
0142.png,36,125,128,217,lock
0142.png,176,105,278,200,fire
0142.png,321,157,426,249,flag
0143.png,308,46,371,118,sound
0143.png,107,43,212,123,book
0143.png,59,163,138,236,flag
0143.png,380,175,447,250,electro
0144.png,249,46,340,140,lock
0144.png,371,29,474,132,book
0144.png,371,145,472,261,fire
0144.png,69,124,132,199,arrow
0144.png,240,173,314,244,electro
0145.png,389,138,472,223,book
0145.png,237,35,299,107,arrow
0145.png,82,109,156,186,factory
0145.png,263,140,361,240,star
0145.png,348,17,448,113,scissors
0146.png,371,48,469,136,monitor
0146.png,258,54,326,150,pill
0146.png,30,66,123,153,shop_cart
0146.png,372,178,446,242,star
0146.png,149,87,220,151,lock
0147.png,377,44,464,125,sound
0147.png,79,127,186,205,ticket
0147.png,216,37,285,104,heart
0147.png,248,137,350,237,lock
0147.png,375,160,466,261,arrow
0148.png,112,80,193,162,electro
0148.png,310,116,368,178,clock
0148.png,27,183,119,261,umbrella
0148.png,334,25,410,93,factory
0148.png,187,176,252,242,hand
0149.png,311,31,389,120,umbrella
0149.png,36,85,125,173,electro
0149.png,337,140,413,223,eye
0149.png,185,113,277,213,paperclip
0149.png,23,203,97,249,wrench
0150.png,149,60,237,131,light
0150.png,176,170,273,266,book
0150.png,49,101,125,179,sound
0150.png,302,21,377,90,photo
0150.png,303,164,391,251,factory
0151.png,359,141,460,246,traffic_light
0151.png,242,169,330,253,house
0151.png,26,173,107,252,t-shirt
0151.png,69,20,169,137,eye
0151.png,206,39,310,125,scissors
0152.png,375,99,461,203,store_cart
0152.png,59,62,150,130,water
0152.png,34,151,152,266,traffic_light
0152.png,205,82,286,170,key
0152.png,376,18,474,79,light
0153.png,278,79,384,189,factory
0153.png,399,69,482,134,eye
0153.png,153,52,241,144,mail
0153.png,51,76,119,145,person
0153.png,79,170,173,261,compass
0154.png,99,152,197,248,t-shirt
0154.png,406,68,463,139,magnifier
0154.png,225,82,333,152,key
0154.png,41,28,136,120,eye
0154.png,366,164,466,252,hand
0155.png,47,31,134,126,traffic_light
0155.png,83,160,177,258,t-shirt
0155.png,364,154,468,255,house
0155.png,341,37,434,139,electro
0155.png,233,134,320,218,flag
0156.png,40,36,126,115,clock
0156.png,299,20,363,82,t-shirt
0156.png,80,149,185,238,electro
0156.png,252,130,354,254,hand
0156.png,365,155,450,231,pen
0157.png,276,47,342,127,microphone
0157.png,221,161,318,248,paper
0157.png,121,23,219,120,star
0157.png,393,38,476,114,house
0157.png,26,155,86,219,key
0158.png,47,110,117,181,arrow
0158.png,318,59,411,158,magnifier
0158.png,224,192,284,255,scissors
0158.png,181,50,285,157,shop_cart
0158.png,390,175,461,249,wrench
0159.png,200,66,274,147,microphone
0159.png,405,139,470,213,lightning
0159.png,308,102,390,181,star
0159.png,185,175,265,249,traffic_light
0159.png,24,81,107,169,factory
0160.png,268,56,379,158,bucket
0160.png,18,12,131,119,store_cart
0160.png,374,176,445,247,lock
0160.png,162,27,228,91,microphone
0160.png,137,141,229,235,clock
0161.png,125,70,218,166,mail
0161.png,391,138,474,208,magnifier
0161.png,249,157,343,258,umbrella
0161.png,384,25,470,108,cloud
0161.png,262,47,340,120,eye
0162.png,353,184,446,243,pen
0162.png,96,50,182,139,clock
0162.png,240,133,326,208,cloud
0162.png,45,176,114,244,lock
0162.png,346,39,458,148,shop_cart
0163.png,91,71,186,153,arrow
0163.png,341,18,430,95,hand
0163.png,111,189,195,249,microphone
0163.png,211,31,305,109,traffic_light
0163.png,282,133,382,229,mail
0164.png,359,148,451,230,mail
0164.png,267,76,337,151,bucket
0164.png,26,142,97,198,person
0164.png,257,183,331,255,lock
0164.png,127,118,219,204,eye
0165.png,384,192,459,259,arrow
0165.png,217,26,315,108,store_cart
0165.png,30,139,88,200,clock
0165.png,354,43,458,141,lightning
0165.png,218,134,308,233,traffic_light
0166.png,187,92,316,206,book
0166.png,397,53,473,129,traffic_light
0166.png,39,25,103,98,pill
0166.png,55,124,139,213,clock
0166.png,391,176,475,247,wrench
0167.png,193,156,282,246,electro
0167.png,61,140,130,211,compass
0167.png,192,40,262,104,key
0167.png,34,31,105,100,lightning
0167.png,364,88,459,230,keyboard
0168.png,48,170,128,263,microphone
0168.png,97,81,163,151,hand
0168.png,410,197,470,261,eye
0168.png,395,53,470,135,paper
0168.png,273,90,363,196,ticket
0169.png,264,32,353,130,factory
0169.png,71,31,186,126,scissors
0169.png,181,169,277,246,key
0169.png,84,156,145,222,paper
0169.png,374,39,482,123,sound
0170.png,73,24,149,127,flag
0170.png,327,109,427,220,lightning
0170.png,316,16,384,87,bucket
0170.png,197,99,283,165,key
0170.png,66,163,149,243,t-shirt
0171.png,186,32,265,111,water
0171.png,302,145,413,249,star
0171.png,340,44,436,115,magnifier
0171.png,30,88,117,181,pill
0171.png,191,160,278,253,ticket
0172.png,97,13,186,108,traffic_light
0172.png,303,138,393,233,t-shirt
0172.png,225,22,318,119,book
0172.png,81,142,194,245,factory
0172.png,361,12,429,84,person
0173.png,167,82,234,151,arrow
0173.png,162,171,253,268,shop_cart
0173.png,36,46,119,129,person
0173.png,49,166,128,249,factory
0173.png,299,107,402,215,face
0174.png,382,133,470,235,magnifier
0174.png,30,151,141,266,t-shirt
0174.png,32,41,128,132,monitor
0174.png,241,100,323,195,mail
0174.png,364,20,445,112,lightning
0175.png,209,150,331,266,store_cart
0175.png,74,64,180,139,keyboard
0175.png,296,15,401,125,bucket
0175.png,81,169,156,244,sound
0175.png,384,173,456,245,eye
0176.png,141,163,233,250,lock
0176.png,27,182,95,263,microphone
0176.png,142,60,236,138,ticket
0176.png,326,35,415,132,fire
0176.png,395,177,444,261,pill
0177.png,143,82,231,187,pill
0177.png,44,26,107,92,star
0177.png,21,167,96,242,t-shirt
0177.png,343,166,444,251,cloud
0177.png,267,32,388,145,store_cart
0178.png,326,47,409,127,bucket
0178.png,156,170,239,240,key
0178.png,205,36,286,117,factory
0178.png,40,44,145,136,flag
0178.png,280,146,360,237,water
0179.png,185,154,279,214,pill
0179.png,195,31,281,114,lock
0179.png,313,53,411,145,monitor
0179.png,303,182,377,269,heart
0179.png,52,71,130,169,wrench
0180.png,312,34,426,134,lightning
0180.png,45,48,120,117,light
0180.png,242,181,328,261,mail
0180.png,139,171,224,237,wrench
0180.png,384,166,461,252,person
0181.png,239,163,329,255,clock
0181.png,27,39,134,129,paper
0181.png,371,95,435,155,face
0181.png,231,28,338,117,sound
0181.png,33,171,139,246,magnifier
0182.png,149,139,222,225,keyboard
0182.png,47,128,97,223,pen
0182.png,280,163,348,233,fire
0182.png,194,56,269,134,electro
0182.png,320,37,408,129,lock
0183.png,76,113,173,202,paper
0183.png,252,29,338,109,scissors
0183.png,388,48,462,136,flag
0183.png,206,135,280,223,cloud
0183.png,307,155,400,250,factory
0184.png,261,168,350,251,house
0184.png,29,23,150,128,fire
0184.png,97,154,147,230,pill
0184.png,387,83,466,160,shop_cart
0184.png,197,66,275,132,water
0185.png,216,147,302,224,pen
0185.png,64,153,149,242,clock
0185.png,335,142,434,243,mail
0185.png,183,23,258,100,microphone
0185.png,308,25,377,94,bucket
0186.png,127,32,220,97,water
0186.png,272,48,378,145,mail
0186.png,43,126,129,233,eye
0186.png,171,118,245,196,ticket
0186.png,405,167,479,222,magnifier
0187.png,73,153,164,244,monitor
0187.png,374,189,453,263,star
0187.png,119,26,220,122,shop_cart
0187.png,277,136,349,225,sound
0187.png,325,33,409,116,light
0188.png,31,82,139,200,shop_cart
0188.png,179,124,270,206,compass
0188.png,348,195,407,255,light
0188.png,218,19,295,90,factory
0188.png,332,74,437,158,wrench
0189.png,133,15,206,94,heart
0189.png,23,127,95,199,person
0189.png,333,81,427,167,sound
0189.png,22,16,94,89,bucket
0189.png,180,107,295,221,store_cart
0190.png,235,132,318,223,person
0190.png,397,177,447,252,pill
0190.png,101,88,183,175,sound
0190.png,266,26,344,100,umbrella
0190.png,387,61,475,154,scissors
0191.png,236,186,308,256,clock
0191.png,292,63,401,160,store_cart
0191.png,368,177,454,261,keyboard
0191.png,104,171,200,257,cloud
0191.png,114,57,219,134,key
0192.png,211,95,281,173,paper
0192.png,66,144,161,197,pill
0192.png,324,37,436,136,electro
0192.png,351,165,411,231,lock
0192.png,83,20,171,99,compass
0193.png,58,119,161,203,heart
0193.png,209,172,291,243,eye
0193.png,351,157,417,239,key
0193.png,331,37,438,141,shop_cart
0193.png,211,49,300,133,person
0194.png,52,45,162,130,key
0194.png,135,183,200,248,compass
0194.png,225,34,325,139,wrench
0194.png,263,157,339,213,water
0194.png,394,33,466,84,pen
0195.png,70,23,133,101,flag
0195.png,70,124,141,215,store_cart
0195.png,402,111,462,167,clock
0195.png,265,21,378,131,lock
0195.png,184,154,261,226,monitor
0196.png,346,37,436,113,microphone
0196.png,151,35,240,94,light
0196.png,317,157,405,235,compass
0196.png,140,139,226,202,keyboard
0196.png,27,99,114,182,hand
0197.png,269,168,351,249,t-shirt
0197.png,305,71,387,151,bucket
0197.png,86,108,199,217,monitor
0197.png,371,166,465,262,person
0197.png,154,22,227,77,cloud
0198.png,21,139,145,243,hand
0198.png,275,27,358,93,shop_cart
0198.png,151,90,270,193,star
0198.png,360,149,445,233,clock
0198.png,411,27,476,98,person
0199.png,104,25,176,100,scissors
0199.png,141,129,225,225,factory
0199.png,266,113,345,170,microphone
0199.png,370,128,471,221,umbrella
0199.png,366,24,434,92,bucket
0200.png,145,37,232,109,scissors
0200.png,367,138,481,222,light
0200.png,33,152,120,237,monitor
0200.png,215,165,290,253,microphone
0200.png,24,33,136,124,hand
0201.png,49,158,145,253,photo
0201.png,395,118,482,192,paperclip
0201.png,244,26,346,110,keyboard
0201.png,83,36,160,134,umbrella
0201.png,281,157,361,235,clock
0202.png,337,71,434,146,sound
0202.png,72,134,176,233,flag
0202.png,294,190,377,240,paperclip
0202.png,66,55,145,114,store_cart
0202.png,205,45,283,134,water
0203.png,168,37,246,105,eye
0203.png,41,13,120,106,hand
0203.png,195,146,287,224,house
0203.png,38,134,134,236,paperclip
0203.png,355,72,444,161,electro
0204.png,52,37,131,109,star
0204.png,164,31,270,128,photo
0204.png,97,156,176,237,key
0204.png,350,181,406,255,lightning
0204.png,315,46,414,115,store_cart
0205.png,365,112,441,197,microphone
0205.png,242,88,320,181,sound
0205.png,103,123,168,183,electro
0205.png,19,26,88,98,house
0205.png,100,19,209,109,fire
0206.png,226,147,305,263,eye
0206.png,103,108,165,203,wrench
0206.png,359,168,460,250,paperclip
0206.png,355,66,435,137,sound
0206.png,218,24,310,127,photo
0207.png,178,24,262,103,photo
0207.png,299,14,392,94,shop_cart
0207.png,354,128,455,240,store_cart
0207.png,180,121,267,207,compass
0207.png,66,99,141,210,wrench
0208.png,349,70,441,156,clock
0208.png,209,43,319,154,lock
0208.png,397,181,470,255,cloud
0208.png,61,139,153,221,monitor
0208.png,47,43,125,112,face
0209.png,351,83,432,157,photo
0209.png,359,188,436,261,scissors
0209.png,223,56,302,149,microphone
0209.png,28,38,92,102,eye
0209.png,47,129,139,228,traffic_light
0210.png,400,190,467,260,store_cart
0210.png,282,82,364,164,fire
0210.png,395,82,468,143,paperclip
0210.png,165,127,245,215,sound
0210.png,25,88,128,183,clock
0211.png,316,23,395,91,store_cart
0211.png,197,106,281,195,cloud
0211.png,24,175,98,232,key
0211.png,329,110,404,204,hand
0211.png,45,49,123,144,traffic_light
0212.png,21,158,115,225,shop_cart
0212.png,34,21,119,114,traffic_light
0212.png,147,108,216,187,scissors
0212.png,331,20,418,118,electro
0212.png,361,177,440,249,compass
0213.png,137,141,255,241,electro
0213.png,116,34,196,112,face
0213.png,285,122,388,240,flag
0213.png,365,9,454,93,person
0213.png,11,155,105,242,store_cart
0214.png,378,99,471,189,clock
0214.png,37,45,125,124,umbrella
0214.png,35,151,117,248,photo
0214.png,267,184,348,243,pill
0214.png,147,140,243,230,traffic_light
0215.png,362,67,438,134,umbrella
0215.png,41,26,105,92,water
0215.png,212,82,306,179,compass
0215.png,359,187,440,269,monitor
0215.png,97,143,168,224,book
0216.png,97,93,190,162,ticket
0216.png,399,19,474,90,star
0216.png,333,151,402,226,cloud
0216.png,224,21,304,125,water
0216.png,227,131,293,210,arrow
0217.png,241,156,321,261,eye
0217.png,112,150,194,215,microphone
0217.png,109,25,200,114,scissors
0217.png,384,26,461,99,photo
0217.png,263,58,329,117,key
0218.png,52,128,138,219,electro
0218.png,204,20,298,117,scissors
0218.png,178,147,263,231,monitor
0218.png,367,175,455,255,compass
0218.png,349,36,434,126,keyboard
0219.png,348,37,452,146,book
0219.png,228,66,326,168,person
0219.png,77,148,144,221,paper
0219.png,366,157,432,234,pen
0219.png,37,26,129,110,heart
0220.png,113,16,213,126,scissors
0220.png,377,154,459,227,face
0220.png,231,167,294,254,wrench
0220.png,49,172,116,233,star
0220.png,279,33,365,102,factory
0221.png,383,174,479,263,keyboard
0221.png,353,25,434,124,ticket
0221.png,208,15,292,112,factory
0221.png,191,143,305,246,t-shirt
0221.png,73,90,143,166,photo
0222.png,145,30,211,94,umbrella
0222.png,164,138,237,228,store_cart
0222.png,336,125,408,195,mail
0222.png,323,23,408,104,flag
0222.png,63,114,128,197,water
0223.png,168,105,242,176,lightning
0223.png,219,24,283,88,umbrella
0223.png,25,126,117,216,factory
0223.png,67,26,137,100,fire
0223.png,326,87,404,157,heart
0224.png,74,178,160,252,cloud
0224.png,371,14,451,96,sound
0224.png,225,100,285,167,heart
0224.png,60,45,167,150,clock
0224.png,325,113,433,228,fire
0225.png,183,167,278,249,paperclip
0225.png,170,55,275,140,fire
0225.png,53,163,162,261,t-shirt
0225.png,25,35,132,147,electro
0225.png,300,89,393,197,shop_cart
0226.png,173,147,229,226,pill
0226.png,316,73,390,150,bucket
0226.png,33,23,106,96,electro
0226.png,201,56,273,125,heart
0226.png,56,114,121,190,ticket
0227.png,284,169,361,270,sound
0227.png,24,19,138,146,traffic_light
0227.png,403,75,478,145,electro
0227.png,54,169,112,246,store_cart
0227.png,231,47,327,164,flag
0228.png,274,146,369,220,mail
0228.png,376,43,478,149,electro
0228.png,121,204,204,242,pen
0228.png,264,20,329,85,t-shirt
0228.png,114,39,238,141,cloud
0229.png,186,181,265,262,wrench
0229.png,191,89,260,173,water
0229.png,62,193,130,255,clock
0229.png,295,106,391,202,t-shirt
0229.png,58,27,145,123,hand
0230.png,347,126,429,220,hand
0230.png,234,23,311,108,lightning
0230.png,45,96,126,166,t-shirt
0230.png,359,29,442,103,face
0230.png,211,130,308,213,flag
0231.png,271,201,337,263,scissors
0231.png,225,102,294,168,clock
0231.png,60,98,147,181,photo
0231.png,378,179,447,260,umbrella
0231.png,339,76,399,159,wrench
0232.png,368,45,472,157,bucket
0232.png,99,90,175,168,arrow
0232.png,392,180,472,255,clock
0232.png,259,190,340,261,umbrella
0232.png,258,52,323,157,pen
0233.png,357,158,456,258,person
0233.png,47,47,105,105,arrow
0233.png,40,141,125,222,star
0233.png,264,44,363,115,wrench
0233.png,163,162,234,238,electro
0234.png,147,118,244,196,key
0234.png,352,23,471,124,book
0234.png,291,171,353,234,clock
0234.png,26,100,103,177,fire
0234.png,188,22,267,94,star
0235.png,363,133,453,226,monitor
0235.png,216,176,302,256,factory
0235.png,376,31,460,128,lightning
0235.png,48,84,136,169,t-shirt
0235.png,168,31,270,139,paperclip
0236.png,192,61,281,150,sound
0236.png,222,191,294,247,magnifier
0236.png,313,38,398,120,star
0236.png,51,100,139,188,photo
0236.png,338,170,411,245,compass
0237.png,378,55,463,151,electro
0237.png,71,116,151,190,compass
0237.png,208,24,296,112,star
0237.png,186,161,282,246,umbrella
0237.png,310,175,377,237,face
0238.png,25,23,110,106,t-shirt
0238.png,352,30,413,103,magnifier
0238.png,333,147,413,220,house
0238.png,200,140,287,221,lock
0238.png,60,151,156,239,eye
0239.png,371,57,459,146,t-shirt
0239.png,187,199,258,254,pill
0239.png,402,184,479,258,flag
0239.png,71,97,152,194,water
0239.png,244,56,351,174,store_cart
0240.png,203,181,273,248,magnifier
0240.png,307,103,395,188,house
0240.png,18,33,87,102,traffic_light
0240.png,29,180,104,261,star
0240.png,120,89,188,161,electro
0241.png,326,18,414,109,lock
0241.png,51,66,90,165,pen
0241.png,224,16,290,82,person
0241.png,304,139,391,240,shop_cart
0241.png,193,187,252,258,light
0242.png,259,61,350,127,key
0242.png,66,157,170,249,bucket
0242.png,152,37,225,112,fire
0242.png,35,25,114,108,compass
0242.png,225,152,329,249,star
0243.png,370,31,470,141,pill
0243.png,117,17,172,92,magnifier
0243.png,214,30,307,124,bucket
0243.png,311,163,376,237,eye
0243.png,91,131,170,217,photo
0244.png,79,133,172,213,umbrella
0244.png,377,32,466,124,mail
0244.png,378,175,467,261,lightning
0244.png,155,18,231,99,keyboard
0244.png,248,125,341,210,clock
0245.png,142,19,231,128,cloud
0245.png,20,35,112,119,compass
0245.png,302,140,396,213,light
0245.png,50,145,157,250,factory
0245.png,193,177,264,255,t-shirt
0246.png,155,50,234,130,house
0246.png,35,84,106,157,monitor
0246.png,345,51,426,122,arrow
0246.png,231,168,310,243,bucket
0246.png,350,194,414,260,paper
0247.png,275,174,332,250,paperclip
0247.png,256,37,359,157,hand
0247.png,408,44,472,117,compass
0247.png,86,50,168,94,pen
0247.png,75,142,169,232,monitor
0248.png,221,64,300,154,umbrella
0248.png,384,123,448,187,hand
0248.png,64,97,158,175,microphone
0248.png,277,177,351,246,water
0248.png,366,31,424,100,cloud
0249.png,158,177,235,260,mail
0249.png,24,180,102,265,factory
0249.png,312,106,406,203,star
0249.png,108,53,198,160,water
0249.png,371,16,444,97,lock
0250.png,368,67,432,137,arrow
0250.png,304,165,388,249,person
0250.png,64,15,119,90,ticket
0250.png,101,162,219,263,shop_cart
0250.png,158,57,241,151,water
0251.png,164,157,270,259,face
0251.png,399,183,460,259,microphone
0251.png,60,155,130,221,clock
0251.png,393,66,457,149,key
0251.png,110,28,200,106,cloud
0252.png,107,181,184,245,lock
0252.png,226,19,318,100,flag
0252.png,67,27,159,117,house
0252.png,338,106,435,186,pill
0252.png,207,126,310,229,star
0253.png,327,147,420,231,paper
0253.png,185,163,289,261,umbrella
0253.png,58,129,134,200,lock
0253.png,335,43,422,109,ticket
0253.png,190,39,282,125,cloud
0254.png,184,35,285,129,monitor
0254.png,324,58,391,126,clock
0254.png,79,112,159,205,microphone
0254.png,318,166,389,249,ticket
0254.png,204,154,285,258,mail
0255.png,359,71,444,165,electro
0255.png,356,180,434,264,lock
0255.png,246,102,314,185,light
0255.png,93,106,177,205,mail
0256.png,59,24,131,88,paper
0256.png,372,22,431,95,store_cart
0256.png,189,94,282,172,arrow
0256.png,379,116,466,201,photo
0256.png,30,112,107,193,keyboard
0257.png,24,38,137,141,heart
0257.png,329,80,446,169,keyboard
0257.png,396,186,460,264,ticket
0257.png,177,141,261,237,eye
0257.png,18,161,100,258,hand
0258.png,23,11,112,105,star
0258.png,204,32,296,103,sound
0258.png,352,118,427,223,wrench
0258.png,48,129,152,211,magnifier
0258.png,219,135,288,208,t-shirt
0259.png,381,181,459,270,photo
0259.png,31,99,113,200,microphone
0259.png,344,36,426,144,magnifier
0259.png,209,119,305,214,clock
0259.png,213,22,288,98,paperclip
0260.png,387,112,471,195,paper
0260.png,158,97,244,183,factory
0260.png,278,191,351,263,house
0260.png,263,82,333,168,water
0260.png,58,103,125,192,paperclip
0261.png,24,59,86,137,mail
0261.png,357,17,424,78,key
0261.png,231,167,310,253,wrench
0261.png,168,27,248,129,keyboard
0261.png,59,180,128,249,person
0262.png,401,182,478,265,t-shirt
0262.png,211,28,291,102,face
0262.png,182,134,297,251,star
0262.png,338,76,440,158,paperclip
0262.png,55,64,163,150,cloud
0263.png,387,183,448,249,photo
0263.png,267,105,352,196,electro
0263.png,97,21,151,88,eye
0263.png,109,136,211,233,umbrella
0263.png,366,61,476,140,sound
0264.png,107,34,180,117,book
0264.png,289,67,382,170,lightning
0264.png,332,193,414,265,pen
0264.png,66,132,152,217,scissors
0264.png,186,134,259,222,mail
0265.png,304,103,408,205,store_cart
0265.png,155,103,237,187,lock
0265.png,42,178,91,256,pill
0265.png,415,24,467,85,compass
0265.png,40,38,101,105,key
0266.png,346,181,420,266,paper
0266.png,238,27,310,121,paperclip
0266.png,96,126,201,232,compass
0266.png,371,75,471,136,pill
0266.png,237,172,308,243,arrow
0267.png,91,20,183,141,mail
0267.png,108,150,198,238,store_cart
0267.png,397,185,463,258,eye
0267.png,363,37,464,131,house
0267.png,239,61,330,178,sound
0268.png,320,27,438,121,key
0268.png,211,187,273,244,arrow
0268.png,37,76,142,179,star
0268.png,192,28,297,119,house
0268.png,385,158,458,241,factory
0269.png,144,31,240,123,house
0269.png,205,169,284,246,bucket
0269.png,31,129,109,215,pen
0269.png,286,16,360,96,face
0269.png,310,117,397,201,compass
0270.png,17,127,124,212,eye
0270.png,392,126,466,209,magnifier
0270.png,271,166,349,266,cloud
0270.png,148,92,213,169,lock
0270.png,259,51,365,139,flag
0271.png,347,17,417,94,pill
0271.png,21,67,123,152,hand
0271.png,172,51,242,131,light
0271.png,388,112,473,201,house
0271.png,222,169,304,249,arrow
0272.png,368,117,460,219,traffic_light
0272.png,271,157,348,224,flag
0272.png,117,43,213,135,lock
0272.png,296,20,392,103,lightning
0272.png,107,181,198,263,photo
0273.png,65,43,149,112,eye
0273.png,71,136,153,219,person
0273.png,251,23,374,132,store_cart
0273.png,244,177,323,248,cloud
0273.png,374,150,469,254,t-shirt
0274.png,390,35,466,118,house
0274.png,255,22,337,129,keyboard
0274.png,116,174,192,271,cloud
0274.png,264,157,371,252,t-shirt
0274.png,117,94,187,163,lock
0275.png,199,166,270,237,clock
0275.png,284,150,371,235,star
0275.png,140,74,230,138,pen
0275.png,359,17,448,120,microphone
0275.png,40,169,119,243,sound
0276.png,203,139,287,228,electro
0276.png,73,48,145,107,light
0276.png,328,20,425,123,shop_cart
0276.png,347,141,433,230,scissors
0276.png,61,130,143,213,house
0277.png,408,17,470,100,sound
0277.png,184,94,242,167,key
0277.png,308,23,365,91,paperclip
0277.png,34,118,139,203,microphone
0277.png,332,111,420,196,person
0278.png,375,79,478,203,shop_cart
0278.png,274,38,340,93,paper
0278.png,224,124,315,212,house
0278.png,61,23,160,123,keyboard
0278.png,76,160,187,250,water
0279.png,173,145,239,212,t-shirt
0279.png,301,177,369,242,heart
0279.png,176,25,245,115,mail
0279.png,58,35,158,120,magnifier
0279.png,306,33,392,119,hand
0280.png,212,116,318,219,face
0280.png,353,94,419,162,compass
0280.png,394,189,451,261,lightning
0280.png,41,31,112,105,monitor
0280.png,45,134,109,199,house
0281.png,13,51,133,154,fire
0281.png,357,202,425,251,pill
0281.png,381,107,443,186,store_cart
0281.png,103,177,178,242,water
0281.png,204,111,277,181,photo
0282.png,377,146,461,224,heart
0282.png,277,191,355,258,arrow
0282.png,272,95,348,169,person
0282.png,67,150,154,237,bucket
0282.png,45,17,153,125,wrench
0283.png,390,43,466,130,flag
0283.png,260,66,362,145,eye
0283.png,33,25,127,120,photo
0283.png,111,162,211,267,store_cart
0283.png,307,179,383,254,monitor
0284.png,198,164,259,225,monitor
0284.png,35,157,150,266,star
0284.png,299,109,383,195,clock
0284.png,26,45,110,123,book
0284.png,136,51,218,111,pen
0285.png,23,151,136,253,electro
0285.png,154,118,252,200,arrow
0285.png,356,203,412,261,monitor
0285.png,341,66,427,154,t-shirt
0285.png,17,37,120,144,photo
0286.png,101,65,173,144,hand
0286.png,371,19,461,106,traffic_light
0286.png,160,182,246,260,heart
0286.png,363,136,444,220,face
0286.png,245,64,332,151,electro
0287.png,167,175,238,259,factory
0287.png,139,24,258,145,compass
0287.png,19,170,93,251,electro
0287.png,332,29,381,99,wrench
0287.png,374,135,466,234,person
0288.png,361,168,451,255,compass
0288.png,173,174,255,252,photo
0288.png,319,62,400,140,monitor
0288.png,24,101,131,188,wrench
0288.png,158,16,257,109,hand
0289.png,314,191,378,268,paperclip
0289.png,352,84,431,173,arrow
0289.png,181,55,244,131,ticket
0289.png,153,169,244,259,bucket
0289.png,72,71,158,125,wrench
0290.png,85,120,152,183,photo
0290.png,225,120,303,197,star
0290.png,344,30,435,124,lock
0290.png,386,157,457,242,wrench
0290.png,198,16,274,102,book