001.jpg,1070,455,1290,680,house
002.jpg,515,50,710,265,house
003.jpg,1000,528,1236,786,house
004.jpg,78,228,275,403,house
005.jpg,70,450,300,695,house
006.jpg,865,518,1120,770,house
007.jpg,990,390,1210,615,house
008.jpg,280,225,500,442,house
009.jpg,1074,165,1300,365,house
010.jpg,763,73,960,263,house
011.jpg,250,55,495,290,house
012.jpg,83,420,254,610,house
013.jpg,1170,451,1413,700,house
014.jpg,58,536,314,786,house
015.jpg,188,340,417,378,house
016.jpg,1070,455,1290,680,house
017.jpg,515,50,710,265,house
018.jpg,781,82,984,275,house
019.jpg,78,228,275,403,house
020.jpg,70,450,300,695,house
021.jpg,865,518,1120,770,house
022.jpg,990,390,1210,615,house
023.jpg,320,485,510,704,house
024.jpg,1070,455,1290,680,house
025.jpg,515,50,710,265,house
026.jpg,1000,528,1236,786,house
027.jpg,78,228,275,403,house
028.jpg,70,450,300,695,house
029.jpg,773,428,1025,675,house
030.jpg,790,181,1012,385,house
031.jpg,392,546,635,784,house
032.jpg,465,443,681,652,house
033.jpg,205,44,422,244,house
034.jpg,107,261,316,442,house